filename,label,session_id_masked,collected_at_iso
20260413T152904_9dff03d988.png,PqFKh,7ca9***3cd7,2026-04-13T15:29:25.938357+00:00
20260413T152935_1f9a9d61e5.png,uqDzH,ff04***606e,2026-04-13T15:29:44.949869+00:00
20260413T152954_8833c20930.png,uA6c7,de45***9cff,2026-04-13T15:30:23.541726+00:00
20260413T153032_722a8021c4.png,j2AXV,9dbf***a23f,2026-04-13T15:30:41.209652+00:00
20260413T153049_7c65ce4b9d.png,BBrih,6a95***4bb9,2026-04-13T15:31:01.739665+00:00
20260413T153110_e8e6cffecd.png,9ydEe,5f5a***ae92,2026-04-13T15:31:25.182728+00:00
20260413T153134_0bb63ad769.png,T6Qv3,d71d***147f,2026-04-13T15:31:43.388831+00:00
20260413T153153_a70b72ea60.png,dzHpC,6162***cfbe,2026-04-13T15:32:01.295433+00:00
20260413T153209_f7766d3f51.png,NejgH,b6c1***5ca3,2026-04-13T15:32:17.333882+00:00
20260413T153226_de31ba157c.png,huPjq,b26e***ae79,2026-04-13T15:32:32.033690+00:00
20260413T153240_4d0c0feacb.png,XsVKx,2f0a***e1c9,2026-04-13T15:32:53.450913+00:00
20260413T153303_01545f2b2b.png,BsDn2,3565***5e85,2026-04-13T15:33:10.535578+00:00
20260413T153319_7ddb218fbf.png,9A8Ka,c737***3062,2026-04-13T15:33:29.771608+00:00
20260413T153338_70a92bf7b0.png,x7Wzv,a900***2b2d,2026-04-13T15:33:46.414262+00:00
20260413T153355_d07d25ea33.png,KkfAj,206c***08cd,2026-04-13T15:34:11.750788+00:00
20260413T153420_d5dc9711f1.png,2qYT4,c64a***7a35,2026-04-13T15:34:27.972546+00:00
20260413T153436_deb95f2713.png,Ssvwz,5c95***700d,2026-04-13T15:34:44.198176+00:00
20260413T153452_2d4abc4693.png,o7MvD,14d9***ba52,2026-04-13T15:34:59.350865+00:00
20260413T153508_f44f6bd492.png,nNyxG,81a5***9a7c,2026-04-13T15:35:15.688938+00:00
20260413T153524_a25bc569d3.png,jriny,c41d***eda2,2026-04-13T15:35:31.175732+00:00
20260413T153539_21bf702e16.png,WCggU,b2e3***32f7,2026-04-13T15:36:17.973331+00:00
20260413T153626_416f572142.png,cumem,f183***d6ee,2026-04-13T15:36:33.639332+00:00
20260413T153642_94cde056c5.png,wy54n,5d97***32dd,2026-04-13T15:36:47.436194+00:00
20260413T153656_91df4b6b5d.png,FbCWj,157c***c748,2026-04-13T15:37:09.937455+00:00
20260413T153718_92a65b685f.png,wAgoZ,8aab***9c0c,2026-04-13T15:37:26.796278+00:00
20260413T153737_f92382951a.png,8v5Yt,2e5c***e34f,2026-04-13T15:38:09.239668+00:00
20260413T153817_1a380c027d.png,ysDXB,5ac8***0782,2026-04-13T15:38:25.080622+00:00
20260413T153835_5ccefd45e3.png,5AZHS,9f85***b80e,2026-04-13T15:38:42.204060+00:00
20260413T153851_0f2f59d83a.png,wapjn,a823***daca,2026-04-13T15:38:59.630854+00:00
20260413T153908_bebd0dff0a.png,GT3mW,08a5***f1d4,2026-04-13T15:39:17.362261+00:00
20260413T154858_973f3b17e7.png,GBCHS,a0f6***6754,2026-04-13T15:49:13.432848+00:00
20260413T154923_8c830f4438.png,G6FGS,6e98***1eef,2026-04-13T15:49:31.774248+00:00
20260413T154941_1c7616161c.png,Z8sjV,bb55***bcfd,2026-04-13T15:50:01.953769+00:00
20260413T155011_c4003d2f57.png,wMHw8,71fd***6895,2026-04-13T15:50:24.513009+00:00
20260413T155035_88d546a384.png,KcJ3o,50a7***cf7e,2026-04-13T15:50:48.094756+00:00
20260413T155058_b8847984a1.png,TCeRi,9121***6e63,2026-04-13T15:51:09.273448+00:00
20260413T155119_024966232e.png,aVroa,40f7***ad91,2026-04-13T15:51:30.010673+00:00
20260413T155140_c7be602ad9.png,iXiM3,adac***0de3,2026-04-13T15:51:50.291693+00:00
20260413T155201_7901589e08.png,bReiE,f34d***fa60,2026-04-13T15:52:16.281520+00:00
20260413T155226_52f041b374.png,u6pCh,c0aa***8eff,2026-04-13T15:52:36.387000+00:00
20260413T155246_0b069ffbb7.png,XqFrB,d139***3300,2026-04-13T15:52:56.828283+00:00
20260413T155308_57cab98fe7.png,YHnPE,a908***8012,2026-04-13T15:53:20.667907+00:00
20260413T155330_58e12bda2d.png,b78nk,7bb4***5c81,2026-04-13T15:53:39.646857+00:00
20260413T155349_ec59b3d873.png,VhebB,8061***88c8,2026-04-13T15:54:01.605589+00:00
20260413T155411_9e668e9df6.png,QA9oa,6a3f***6aa3,2026-04-13T15:54:18.792939+00:00
20260413T155439_d778ec9716.png,RugW2,b030***cefc,2026-04-13T15:55:20.768112+00:00
20260413T155530_5a5b2a868e.png,SYP5o,ff35***8f9d,2026-04-13T15:55:39.513203+00:00
20260413T155549_d7ba6b5da8.png,iB52o,9496***0a0e,2026-04-13T15:55:56.629279+00:00
20260413T155606_801b1e5003.png,WQjqU,c9f3***2e51,2026-04-13T15:56:15.159850+00:00
20260413T155625_8390256939.png,CFmZs,89cb***5687,2026-04-13T15:56:35.354069+00:00
20260413T155645_59a2b307ae.png,3h43y,268c***7b69,2026-04-13T15:57:03.502595+00:00
20260413T155713_9ecb26acda.png,xrY2S,3add***98c5,2026-04-13T15:57:20.228511+00:00
20260413T155730_2268ea3e26.png,EgexG,e7b0***06d4,2026-04-13T15:57:36.818590+00:00
20260413T155747_7cb557e82e.png,2U6xq,b997***15c8,2026-04-13T15:57:57.522390+00:00
20260413T155807_7f8a454718.png,mP4em,df0c***3547,2026-04-13T15:58:14.942002+00:00
20260413T155824_8544926248.png,kk4sZ,ef73***18c7,2026-04-13T15:58:29.989365+00:00
20260413T155839_cdd1cd3753.png,WB4QM,b386***5256,2026-04-13T15:58:46.788754+00:00
20260413T155856_7af91fa63b.png,XVC5R,f968***a407,2026-04-13T15:59:01.630485+00:00
20260413T155911_010fb102a7.png,Taw95,2fa5***488e,2026-04-13T15:59:17.644805+00:00
20260413T155928_5f78df204d.png,ReB4T,3125***443e,2026-04-13T15:59:35.343066+00:00
20260413T155944_f800820110.png,C7G4s,8f04***f759,2026-04-13T15:59:50.992920+00:00
20260413T160000_1bc5e8a093.png,ChjTU,aa84***5787,2026-04-13T16:00:08.477614+00:00
20260413T160025_f2d6f08620.png,qV6tk,0ad1***2004,2026-04-13T16:00:31.831361+00:00
20260413T160041_79ce24202e.png,z9CNA,8571***7c40,2026-04-13T16:00:49.285023+00:00
20260413T160059_263d2702ea.png,4uSd2,5453***ac6e,2026-04-13T16:01:07.543627+00:00
20260413T160117_e3a70b6db2.png,YwUZC,0472***f2cd,2026-04-13T16:01:24.443323+00:00
20260413T160134_f3297c76d7.png,rq3ij,010f***08a2,2026-04-13T16:01:45.734400+00:00
20260413T160155_010c785c9a.png,qPTHF,0d30***9019,2026-04-13T16:02:02.451077+00:00
20260413T160211_9b9cdd2cb5.png,vzDEP,3234***d7b5,2026-04-13T16:02:17.380580+00:00
20260413T160226_14f1aed229.png,izkz3,39e9***2814,2026-04-13T16:02:39.172990+00:00
20260413T160249_16e5614a33.png,oKiQm,25f1***a7ea,2026-04-13T16:02:56.842786+00:00
20260413T160306_1c8ef556e9.png,5GSTT,a222***4bca,2026-04-13T16:03:12.454108+00:00
20260413T160322_ec5c657ca8.png,spNzD,3364***d7d3,2026-04-13T16:03:28.389937+00:00
20260413T160337_86a3ba0f00.png,JrprU,a4e4***f007,2026-04-13T16:03:42.941243+00:00
20260413T160352_204f542473.png,Ac7tG,48d2***e084,2026-04-13T16:04:00.395707+00:00
20260413T160411_4cd6827ffd.png,QjdjV,1902***d30c,2026-04-13T16:04:37.570631+00:00
20260413T160448_ef661363ec.png,N5Nm7,b064***ab96,2026-04-13T16:04:54.649979+00:00
20260413T160504_8f282e4b06.png,F2Cxd,bc24***f081,2026-04-13T16:05:10.374499+00:00
20260413T160520_c1dae45c5b.png,d3oVQ,1ce3***d329,2026-04-13T16:05:26.053928+00:00
20260413T160535_bbf03f8fda.png,XhpcA,bb0e***c814,2026-04-13T16:05:43.414502+00:00
20260413T160552_9300b8a09b.png,ThhJy,ebf4***8365,2026-04-13T16:05:59.077852+00:00
20260413T160608_5432e0d344.png,9T9SZ,7f48***43f2,2026-04-13T16:06:16.204258+00:00
20260413T160626_41198b00b0.png,eHCQe,b6ba***2a6f,2026-04-13T16:06:32.709907+00:00
20260413T160641_70dcde34b4.png,VqUtr,7637***189f,2026-04-13T16:06:56.973669+00:00
20260413T160706_07818f7806.png,rqjtJ,dec4***237e,2026-04-13T16:07:18.381547+00:00
20260413T160728_39da76bb88.png,6k2Xs,da33***1eb4,2026-04-13T16:08:29.913805+00:00
20260413T160839_87ca90c2ac.png,Hpyym,75d9***ce22,2026-04-13T16:08:47.513553+00:00
20260413T160857_c8e2826adf.png,SnhSH,ca53***70e8,2026-04-13T16:09:02.968531+00:00
20260413T160913_4a5ce1c8fa.png,mU8ko,0158***e30f,2026-04-13T16:09:19.860315+00:00
20260413T160930_0f199e2316.png,Bn4Fq,3639***e816,2026-04-13T16:09:35.701568+00:00
20260413T160945_0f073a41c9.png,ZGdW7,001b***84f0,2026-04-13T16:10:05.899691+00:00
20260413T161015_94b4585f83.png,gyqoZ,70aa***9b94,2026-04-13T16:10:22.315559+00:00
20260413T161031_b36b1a5582.png,yTUai,86c2***6571,2026-04-13T16:10:37.885412+00:00
20260413T161047_4b7e95b73f.png,Hexpk,7a72***08ed,2026-04-13T16:10:53.671426+00:00
20260413T161103_5bbbedc1c6.png,RFtYS,17cd***6cc0,2026-04-13T16:11:08.444939+00:00
20260413T161117_bb60a9a7bb.png,2TqdM,1500***a5de,2026-04-13T16:11:23.959971+00:00
20260413T161133_be3846ffaa.png,S53sv,8c27***fe14,2026-04-13T16:11:38.887734+00:00
20260413T161148_b27557bbf1.png,VWnHf,ce74***318a,2026-04-13T16:11:55.223077+00:00
20260413T161204_ac016901fc.png,4CKjh,2a50***1662,2026-04-13T16:12:12.540091+00:00
20260413T161221_ebba7c7750.png,4GSRa,e184***022f,2026-04-13T16:12:27.358293+00:00
20260413T161237_3a16061d1e.png,giKtF,bd24***66ce,2026-04-13T16:23:46.463264+00:00
20260413T162400_00ee295971.png,k4qsX,a33b***dac8,2026-04-13T16:24:06.411990+00:00
20260413T162416_75908a536a.png,W9Wk7,7ef1***7cb0,2026-04-13T16:24:24.715786+00:00
20260413T162434_ae2d5a7c18.png,fcGNk,a117***ffd5,2026-04-13T16:24:41.709301+00:00
20260413T162452_aa28350d3c.png,5hr73,eb39***8ce1,2026-04-13T16:25:00.223660+00:00
20260413T162510_34f8c8b82d.png,veHCt,b022***2687,2026-04-13T16:25:16.175701+00:00
20260413T162526_a062eea230.png,jmZ4K,e989***43d1,2026-04-13T16:25:40.629502+00:00
20260413T162551_4e3aeedc6c.png,nmMEV,1fce***01cd,2026-04-13T16:25:58.015535+00:00
20260413T162607_19a93806b8.png,nHnTk,3878***4e4f,2026-04-13T16:26:13.212536+00:00
20260413T162623_5d8d62c624.png,Ve9DY,85e0***f480,2026-04-13T16:26:29.665382+00:00
20260413T162639_d851dc16a0.png,9QupY,b8ed***5f29,2026-04-13T16:26:47.073528+00:00
20260413T162657_4a52dc8bc1.png,bjHok,6b99***7fd8,2026-04-13T16:27:02.906669+00:00
20260413T162714_a126520d63.png,3nMBr,3a31***455f,2026-04-13T16:27:24.921606+00:00
20260413T162734_0c9e6a5450.png,6V5gB,ba10***b928,2026-04-13T16:27:47.373795+00:00
20260413T162757_6b264e6b14.png,jj2zB,95f5***5e16,2026-04-13T16:28:02.275462+00:00
20260413T162812_baaae044e6.png,vYFNq,714d***b9f7,2026-04-13T16:28:18.212598+00:00
20260413T162828_c027a04720.png,aw423,c58f***20e3,2026-04-13T16:28:36.926534+00:00
20260413T162847_b62491626c.png,H3vfn,fc21***c0ca,2026-04-13T16:28:53.279059+00:00
20260413T162904_93096d66db.png,dafpP,8e48***6695,2026-04-13T16:29:17.108088+00:00
20260413T162926_19f2fcddd3.png,4FwxE,5757***5f97,2026-04-13T16:29:35.060723+00:00
20260413T162945_1dbda6ef5d.png,37gnC,7d99***2657,2026-04-13T16:29:50.441585+00:00
20260413T163000_cc924880a4.png,9AESA,15fb***daa2,2026-04-13T16:30:09.400267+00:00
20260413T163020_fcfaa8ed4c.png,CxHo5,efef***f954,2026-04-13T16:30:27.727635+00:00
20260413T163037_68648c2d42.png,bgofk,addb***bb6c,2026-04-13T16:30:42.914263+00:00
20260413T163053_a378ad4760.png,ouKSR,c0d7***8e31,2026-04-13T16:30:58.612516+00:00
20260413T163109_c86913b25d.png,bZ2Rt,f20a***b46f,2026-04-13T16:31:16.323826+00:00
20260413T163126_3f97313deb.png,Ju69u,8690***42e3,2026-04-13T16:31:35.269126+00:00
20260413T163145_7e1168c71f.png,4Ps63,13b1***00bc,2026-04-13T16:32:02.152245+00:00
20260413T163212_b99c3306e6.png,jMBRN,bae1***7551,2026-04-13T16:32:16.903099+00:00
20260413T163226_0c400afc55.png,TTfuD,4afa***8068,2026-04-13T16:32:31.522849+00:00
20260413T163241_c8bc652831.png,vY8BA,4e68***206a,2026-04-13T16:32:46.690536+00:00
20260413T215131_4e4c6b2d44.png,CU44Q,1e8c***7b6b,2026-04-13T21:51:52.851714+00:00
20260413T215204_67d2a178c1.png,FVodN,1083***240c,2026-04-13T21:52:21.673891+00:00
20260413T215232_3a14eb08f6.png,D4gjy,38d1***4c53,2026-04-13T21:52:46.448882+00:00
20260413T215257_1cc9fa43c5.png,vSuQp,3760***ed66,2026-04-13T21:53:14.350643+00:00
20260413T215328_257aba335b.png,CXNGw,450c***6437,2026-04-13T21:53:37.648982+00:00
20260413T215349_1766d212df.png,puUUz,d74c***f1fe,2026-04-13T21:53:58.882641+00:00
20260413T215410_a35914fd00.png,i9htT,881c***cd88,2026-04-13T21:54:20.044106+00:00
20260413T215431_b2a3d96250.png,YohGu,0e20***3797,2026-04-13T21:54:41.690049+00:00
20260413T215453_87fdf5557b.png,45B6r,a4a0***d3e4,2026-04-13T21:55:01.334396+00:00
20260413T215513_c99eb22814.png,Z5aBr,ee5f***0dbe,2026-04-13T21:55:30.445117+00:00
20260413T215541_9ad1a22e04.png,7DjDZ,8683***4e99,2026-04-13T21:55:54.333937+00:00
20260413T215605_1090df1860.png,MWCay,7182***3528,2026-04-13T21:56:13.671588+00:00
20260413T215625_4644339ce5.png,VTPr2,dcfc***58e9,2026-04-13T21:56:31.418061+00:00
20260413T215642_f6e4387bcc.png,NZVq9,b8dd***c974,2026-04-13T21:56:49.644574+00:00
20260413T215701_3a7cae8e73.png,cgA3b,0108***1015,2026-04-13T21:57:11.102504+00:00
20260413T215722_5b3f3a3dde.png,iGuig,5490***294f,2026-04-13T21:57:34.077356+00:00
20260413T215745_f50af99530.png,TRkTB,c133***9803,2026-04-13T21:57:54.847737+00:00
20260413T215806_4d00a6ec34.png,SkEw5,2400***7e97,2026-04-13T21:58:15.372607+00:00
20260413T215834_72c475f5c8.png,syKxH,1b1c***2b88,2026-04-13T21:58:42.141448+00:00
20260413T215854_980fc7f631.png,ZvTSk,d89d***29c3,2026-04-13T21:59:02.454794+00:00
20260413T215914_48bb54a097.png,4MFob,2ebc***9ee1,2026-04-13T21:59:22.838475+00:00
20260413T215934_8847f21b3a.png,STsNw,5789***a1ad,2026-04-13T21:59:43.356903+00:00
20260413T215954_0bed16cf30.png,ZE8Vm,a7d8***2697,2026-04-13T22:00:03.903670+00:00
20260413T220017_d34461e430.png,woNx2,48be***d0c4,2026-04-13T22:00:25.997073+00:00
20260413T220037_a1f2ff4aed.png,YHffs,c72d***eea4,2026-04-13T22:00:44.874707+00:00
20260413T220101_14ed50c389.png,zFfhY,df00***0217,2026-04-13T22:01:09.280411+00:00
20260413T220120_9801b012d8.png,v6ZmV,cde7***5089,2026-04-13T22:01:52.824867+00:00
20260413T220204_51d3b43c43.png,pCfVa,2cee***f0c5,2026-04-13T22:02:14.874084+00:00
20260413T220226_caf2632022.png,svx4r,acf7***93c1,2026-04-13T22:02:36.042583+00:00
20260413T220248_979721c338.png,UFdNe,c2c8***dadf,2026-04-13T22:02:58.902875+00:00
20260413T220311_a64bea4549.png,wzFNC,a9fc***e39b,2026-04-13T22:03:19.032339+00:00
20260413T220331_4bf9c418e7.png,X4dy7,67f7***f366,2026-04-13T22:03:37.893431+00:00
20260413T220349_8899d3c505.png,75EeJ,7d7f***8923,2026-04-13T22:03:56.566960+00:00
20260413T220407_55c2d81b29.png,Zkfvt,1168***2e0b,2026-04-13T22:04:16.461245+00:00
20260413T220428_9a3012cef0.png,FCnWU,b802***3c79,2026-04-13T22:04:39.560894+00:00
20260413T220500_9409caa4f6.png,yH3eF,b454***b310,2026-04-13T22:05:08.930253+00:00
20260413T220527_36921cc4b9.png,8GkKm,4934***7b34,2026-04-13T22:05:42.252515+00:00
20260413T220556_6a92f529b8.png,6iovg,55d5***2870,2026-04-13T22:06:04.118964+00:00
20260413T220624_fa6db6b656.png,gifmu,e073***793b,2026-04-13T22:06:33.304446+00:00
20260413T220651_d21b4a26fc.png,KYr3T,71dd***3564,2026-04-13T22:07:02.695506+00:00
20260413T220713_914bc93106.png,ZV3kA,0e23***8a6f,2026-04-13T22:07:26.014565+00:00
20260413T220738_a5c24d9a09.png,ZPz7Q,5440***eae9,2026-04-13T22:07:47.728848+00:00
20260413T220759_3f6f73b23c.png,aVUZy,12a4***ea93,2026-04-13T22:08:08.071477+00:00
20260413T220819_dd93d79eb7.png,goHDJ,2b87***08e7,2026-04-13T22:08:30.733159+00:00
20260413T220843_08d001e676.png,qxUxY,7ded***b88f,2026-04-13T22:08:52.359644+00:00
20260413T220904_4ea6bc9981.png,xbxSb,80e0***3a1b,2026-04-13T22:09:14.742989+00:00
20260413T220926_125788f774.png,o3dSA,8807***dd77,2026-04-13T22:09:36.801442+00:00
20260413T220947_f0bfa3f7fe.png,uUCUj,5028***4824,2026-04-13T22:09:57.622767+00:00
20260413T221009_e9b7070725.png,6hmch,5644***d470,2026-04-13T22:10:19.334451+00:00
20260413T221031_ad1f99082e.png,Hekmj,caca***144a,2026-04-13T22:10:37.747417+00:00
20260413T221049_2c9e9dab13.png,kVMU9,a077***7f1a,2026-04-13T22:10:59.084566+00:00
20260413T234459_6c30e01b9d.png,UTDQq,c874***bcd8,2026-04-13T23:45:11.612649+00:00
20260413T234522_ca2c8fad16.png,PeY2t,825b***d822,2026-04-13T23:45:33.397025+00:00
20260413T234546_cdf1718f78.png,cTVv9,3d4b***d6a4,2026-04-13T23:45:56.397856+00:00
20260413T234613_637d2a81c0.png,X3dE8,b6f7***28a6,2026-04-13T23:46:22.253450+00:00
20260413T234633_8f00db1cb9.png,EekEJ,f030***2b73,2026-04-13T23:46:44.358737+00:00
20260413T234704_c0daf47175.png,nkcdx,2566***c306,2026-04-13T23:47:12.581692+00:00
20260413T234734_48ff87837a.png,bfd5Y,0dcc***6f4f,2026-04-13T23:47:42.933548+00:00
20260413T234806_b90a4a43cd.png,kFcKy,5cdc***df83,2026-04-13T23:48:24.637337+00:00
20260413T234837_e68e4e0e8d.png,GnfNF,a30c***4060,2026-04-13T23:48:47.440639+00:00
20260413T234901_01af5ab2fb.png,CRxZ5,613a***355c,2026-04-13T23:49:13.297841+00:00
20260413T234939_9829a6282d.png,XNU7d,c263***4922,2026-04-13T23:49:49.276249+00:00
20260413T234959_e598327c8d.png,xhscR,3db5***100a,2026-04-13T23:50:10.510187+00:00
20260413T235021_bf8b43f30d.png,i5Prp,1092***4b36,2026-04-13T23:50:44.982603+00:00
20260413T235055_caac34817c.png,v3pxV,ad28***43f1,2026-04-13T23:51:06.277607+00:00
20260413T235124_7e1cd78d94.png,a5qpY,bd45***336f,2026-04-13T23:51:35.348391+00:00
20260413T235149_51eddca9cc.png,naG8s,5f96***ecaf,2026-04-13T23:52:01.384334+00:00
20260413T235213_623302099c.png,pdDGK,3fe0***f7da,2026-04-13T23:52:23.813764+00:00
20260413T235233_ec1c143c19.png,o7UAf,41ff***6be0,2026-04-13T23:52:57.489590+00:00
20260413T235312_cc7050861f.png,6zzRw,996e***275f,2026-04-13T23:53:20.619302+00:00
20260413T235332_39819cfd63.png,UNAuk,5ffa***36fe,2026-04-13T23:53:45.317523+00:00
20260413T235356_031e6f6fff.png,9zEmm,745c***e817,2026-04-13T23:54:06.614020+00:00
20260413T235422_1e8e418bca.png,f9Zhy,ce9e***363e,2026-04-13T23:54:30.922793+00:00
20260413T235442_cdf605003a.png,XWCNw,62f8***4529,2026-04-13T23:54:49.648968+00:00
20260413T235506_7959a24baa.png,BKKEg,eb3d***99e1,2026-04-13T23:55:13.066042+00:00
20260413T235547_6405f95ac9.png,aZaAc,00d2***c7f6,2026-04-13T23:55:55.172557+00:00
20260413T235608_dea7f3f0d0.png,c4Ddx,182d***643b,2026-04-13T23:56:19.661725+00:00
20260413T235632_521509ac86.png,VaAXG,b204***e8cf,2026-04-13T23:56:50.793574+00:00
20260413T235728_909c2c8084.png,XpsDQ,168d***c207,2026-04-13T23:57:37.178723+00:00
20260413T235750_7eee24004a.png,afxNX,a86e***a780,2026-04-13T23:58:03.725475+00:00
20260413T235820_b64def05a7.png,rQU8K,e78e***3653,2026-04-13T23:58:35.152342+00:00
20260413T235851_612e1c3d69.png,QpeiU,2f33***ae2a,2026-04-13T23:59:01.542028+00:00
20260413T235957_f0461479ca.png,JCcMw,e1c6***15a7,2026-04-14T00:00:14.193274+00:00
20260414T000028_c7c113f99b.png,33hWs,be18***843c,2026-04-14T00:00:50.928160+00:00
20260414T000125_85ddfacbd5.png,3KGDg,87bc***e38c,2026-04-14T00:01:36.012898+00:00
20260414T000201_f1ebbeaae7.png,XPBt3,b51a***0911,2026-04-14T00:02:11.734246+00:00
20260414T000226_d375cfda6d.png,wiPFb,0feb***d54b,2026-04-14T00:02:38.087566+00:00
20260414T000302_c3613d8533.png,uSiPa,8b0a***52fe,2026-04-14T00:03:12.559576+00:00
20260414T000328_dd285153c9.png,eYx7F,1a7f***9900,2026-04-14T00:03:37.198287+00:00
20260414T000358_909ffb75ce.png,iwTsh,3198***d777,2026-04-14T00:04:06.962881+00:00
20260414T011621_22bb3dc389.png,S6TAt,a9d6***51cb,2026-04-14T01:16:30.374695+00:00
20260414T011652_69affd6b43.png,3vCKg,f347***09d0,2026-04-14T01:17:03.618929+00:00
20260414T011715_854f37ba01.png,4jbMK,30a3***f990,2026-04-14T01:17:25.938007+00:00
20260414T011742_436caebe63.png,vXbDj,a1cf***991c,2026-04-14T01:17:51.330137+00:00
20260414T011807_e8cfc43c04.png,643Qf,57cb***3c38,2026-04-14T01:18:19.984117+00:00
20260414T011832_687f3a5120.png,q8abm,aff1***e510,2026-04-14T01:18:43.221244+00:00
20260414T011856_eca9364cb7.png,nVHrg,0de2***a318,2026-04-14T01:19:06.131253+00:00
20260414T011920_5b82a75baa.png,3AsX5,16ff***69e5,2026-04-14T01:19:30.649968+00:00
20260414T011947_3db013404d.png,REPjz,61ff***89c2,2026-04-14T01:19:58.187097+00:00
20260414T012059_64c0e0ca1e.png,nVHrg,9f93***3762,2026-04-14T01:21:31.081066+00:00
20260414T012142_67ac2ecef7.png,WvAf6,8258***aeed,2026-04-14T01:21:52.575588+00:00
20260414T012203_c8961b18e0.png,x6Cvo,8799***b86c,2026-04-14T01:22:12.374286+00:00
20260414T012249_544d26a542.png,uPcEH,1279***fc12,2026-04-14T01:23:12.091302+00:00
20260414T012326_f504339a3e.png,Rw8bt,6c7d***deb6,2026-04-14T01:23:39.566299+00:00
20260414T012350_408269d640.png,KNJ89,22b8***272f,2026-04-14T01:23:59.183107+00:00
20260414T012411_52e5c79feb.png,JQ4aN,937a***cb62,2026-04-14T01:24:22.273931+00:00
20260414T012437_4b12cc2ecd.png,iGk5z,a9c4***5c70,2026-04-14T01:24:49.773197+00:00
20260414T012504_3d70a9450d.png,mKFky,140b***70f9,2026-04-14T01:25:18.097116+00:00
20260414T012531_93399f13a1.png,EzfuG,7e07***2f29,2026-04-14T01:25:41.812796+00:00
20260414T012604_3732814534.png,TZvMS,9700***e708,2026-04-14T01:26:14.120233+00:00
20260414T012632_30aef43556.png,jwRmc,17ae***e73f,2026-04-14T01:26:40.392295+00:00
20260414T012656_b830757d22.png,vj6pd,dbb2***bafd,2026-04-14T01:27:06.662407+00:00
20260414T012723_1cce96e995.png,9FNkK,6c09***ecaf,2026-04-14T01:27:33.910153+00:00
20260414T012751_5c4280b1a9.png,hRym3,d12b***93d2,2026-04-14T01:28:26.275950+00:00
20260414T012900_6e3f3a1ffa.png,5Q5Ai,dcfa***945b,2026-04-14T01:29:11.293548+00:00
20260414T012949_ae38fd6659.png,4rhKT,d799***ef73,2026-04-14T01:29:58.842013+00:00
20260414T013012_967b296776.png,bZcdr,be8c***680f,2026-04-14T01:30:21.318243+00:00
20260414T013034_929c780f38.png,hbnr7,272e***82f1,2026-04-14T01:30:44.626508+00:00
20260414T013056_42ed884d16.png,dFGKF,13d4***946c,2026-04-14T01:31:07.895483+00:00
20260414T013119_ef8b6e8748.png,bd7wF,1479***5386,2026-04-14T01:31:28.359256+00:00
20260414T013141_e00bdbf06e.png,RfszJ,164f***1e6f,2026-04-14T01:31:50.664055+00:00
20260414T013202_6d1dd2125b.png,qSV53,81f9***2a43,2026-04-14T01:32:15.834288+00:00
20260414T013227_659e7b496a.png,oDYCP,1285***ed24,2026-04-14T01:32:40.405927+00:00
20260414T013252_d03c52b556.png,wX7en,dff5***2013,2026-04-14T01:33:00.441405+00:00
20260414T013311_3912d46708.png,jVHTQ,1682***27bc,2026-04-14T01:33:19.075806+00:00
20260414T013335_bd0ea4449f.png,bCQhe,1971***9cfa,2026-04-14T01:33:42.807640+00:00
20260414T013356_859658f2d0.png,ry5Pu,8f2c***d37e,2026-04-14T01:34:10.752702+00:00
20260414T013422_768b4a4fde.png,Vtj5J,a67b***1588,2026-04-14T01:34:31.559636+00:00
20260414T013442_f71cc03ac4.png,ouQiV,a906***607e,2026-04-14T01:34:57.845279+00:00
20260414T013508_69810b6fc5.png,RX96e,5c0d***a134,2026-04-14T01:35:25.295472+00:00
20260414T013536_d12cf3dc18.png,RyrHZ,c57a***4213,2026-04-14T01:35:43.946385+00:00
20260414T013554_2834bb9303.png,Mw9r8,b404***ec4f,2026-04-14T01:36:03.549846+00:00
20260414T013615_5dc0970321.png,iFwai,3248***9dbd,2026-04-14T01:36:22.168147+00:00
20260414T013633_10baf333ce.png,3xqR9,8857***af31,2026-04-14T01:36:43.520643+00:00
20260414T013656_e3b9efe35b.png,FYZ92,072a***9afd,2026-04-14T01:37:06.354087+00:00
20260414T013719_3b1c02a7e6.png,MPQji,43e2***719f,2026-04-14T01:37:26.287553+00:00
20260414T013737_8cf48f5569.png,Bohdk,03a0***2b08,2026-04-14T01:37:47.100191+00:00
20260414T013801_23fc5c90d6.png,6hWME,e767***dd28,2026-04-14T01:38:20.957021+00:00
20260414T013831_dcdfc16ef6.png,n2nMj,1f71***19ca,2026-04-14T01:38:51.480613+00:00
20260414T013902_65c83abdab.png,DoAP4,4a06***d33e,2026-04-14T01:40:33.626292+00:00
20260414T014050_ad9c9f7a1e.png,ytegC,5e63***22c5,2026-04-14T01:40:57.480885+00:00
20260414T014108_80d2d906be.png,km3TS,b914***a5df,2026-04-14T01:41:17.078768+00:00
20260414T014129_3766f06661.png,SUnEm,ae4b***9fd4,2026-04-14T01:41:39.252446+00:00
20260414T014153_fae20b38bc.png,5aKQ8,bd34***c42a,2026-04-14T01:42:05.864462+00:00
20260414T014221_6d45f659dc.png,zGbxV,25bc***1ad5,2026-04-14T01:42:30.191053+00:00
20260414T014305_4d6801d4ca.png,CScCq,0dce***7420,2026-04-14T01:43:14.910703+00:00
20260414T014328_f5c420bb45.png,tGyH8,d331***d8a0,2026-04-14T01:43:56.736305+00:00
20260414T014419_a80da10dd2.png,Ew3SW,25c8***50ce,2026-04-14T01:44:27.642369+00:00
20260414T014448_f732ac2014.png,qsykV,7553***4f75,2026-04-14T01:44:56.287031+00:00
20260414T014510_ef20a0dd8d.png,Q2gvg,3afb***07b6,2026-04-14T01:45:19.304608+00:00
20260414T014529_70b8b65ecb.png,MDHZj,3b54***8cae,2026-04-14T01:46:21.817097+00:00
